id,pollster,start,end,n,moe,source,section,tarcisio,haddad,vera,carlos,vivian,izadora,policial
datafolha-2026-07-03,Datafolha,2026-07-01,2026-07-03,1608,2,https://g1.globo.com/sp/sao-paulo/eleicoes/2026/noticia/2026/07/05/datafolha-tarcisio-e-haddad.ghtml,Julho - Agosto,46,30,5,4,4,,
verita-2026-07-05,Veritá,2026-07-01,2026-07-05,2000,2.5,https://lgjdbpskgjfbmlffbntx.supabase.co/storage/v1/object/public/pesquisas/pdfs/1783453106475_Relatorio_Sao_Paulo_07.2026.pdf,Julho - Agosto,51,34.5,,,,,
genial-quaest-2026-07-27,Genial/Quaest,2026-07-23,2026-07-27,1650,2,https://g1.globo.com/sp/sao-paulo/eleicoes/2026/noticia/2026/07/29/quaest-em-sao-paulo-tarcisio-tem-41percent-haddad-26percent-no-1-turno.ghtml,Julho - Agosto,41,26,3,1,1,,
parana-pesquisas-2026-07-28,Paraná Pesquisas,2026-07-25,2026-07-28,1680,2.4,https://paranapesquisas.com.br/wp-content/uploads/2026/07/SP_Jul26.pdf,Julho - Agosto,48.5,35.1,1.7,1.1,0.9,,
vox-brasil-2026-07-31,Vox Brasil,2026-07-29,2026-07-31,1480,2.55,https://www.cnnbrasil.com.br/eleicoes/vox-tarcisio-tem-529-no-1o-turno-da-disputa-em-sp-haddad-343/,Julho - Agosto,52.9,34.3,1.3,1.5,0.5,0.3,
american-analytics-2026-08-08,American Analytics,2026-08-04,2026-08-08,1500,2.5,https://timesbrasil.com.br/brasil/decisao-2026-pesquisa-american-analytics-times-brasil-cnbc-tarcisio-lidera-em-sp-corrida-ao-senado-esta-disputada-veja-os-numeros/,Julho - Agosto,46,29,1,,,,
ideia-acsp-2026-08-08,Ideia/ACSP,2026-08-05,2026-08-08,1800,2.3,"https://www.terra.com.br/noticias/brasil/politica/pesquisa-ideiaacsp-tarcisio-tem-506-e-haddad-336-no-1-turno-ao-governo-de-sao-paulo,dd1be335d2d18ff2a7d959ac8828146cn57wmw1p.html",Julho - Agosto,50.6,33.6,2.6,1,0.8,0.1,
vox-brasil-2026-08-13,Vox Brasil,2026-08-11,2026-08-13,1480,2.55,https://ndmais.com.br/politica/a-x-dias-das-eleicoes-tarcisio-lidera-com-537-e-haddad-marca-34-na-corrida-pelo-governo-de-sp/,Julho - Agosto,53.7,34,0.5,1.3,0.3,0.3,
parana-pesquisas-2026-08-18,Paraná Pesquisas,2026-08-17,2026-08-18,1680,2.4,https://www.cartacapital.com.br/politica/pesquisa-indica-vitoria-de-tarcisio-em-primeiro-turno-em-sp/,Julho - Agosto,50,33.8,1.5,0.8,0.8,0.4,0.4
datafolha-2026-08-21,Datafolha,2026-08-18,2026-08-21,1610,2,https://g1.globo.com/sp/sao-paulo/eleicoes/2026/noticia/2026/08/21/datafolha-sp-governador-21-agosto.ghtml,Julho - Agosto,45,27,4,3,2,1,3
real-time-big-data-2026-08-22,Real Time Big Data,2026-08-19,2026-08-22,2000,2,https://www.cartacapital.com.br/politica/tarcisio-tem-17-pontos-de-vantagem-na-disputa-com-haddad-mostra-pesquisa/,Julho - Agosto,52,35,1,1,1,1,1
genial-quaest-2026-08-24,Genial/Quaest,2026-08-19,2026-08-24,1800,2,https://g1.globo.com/sp/sao-paulo/eleicoes/2026/noticia/2026/08/25/quaest-em-sp-tarcisio-40percent-haddad-27percent.ghtml,Julho - Agosto,40,27,1,1,1,1,2
gerp-2026-08-24,Gerp,2026-08-19,2026-08-24,1800,2.3,https://www.poder360.com.br/poder-eleicoes-2026/tarcisio-de-freitas-lidera-disputa-pelo-governo-de-sp-diz-gerp/,Julho - Agosto,50,32,1,1,0,1,1
atlasintel-2026-08-31,AtlasIntel,2026-08-26,2026-08-31,1810,1,https://cdn1.atlasintel.org/pesquisa_atlas_estadao__eleicoes_sao_paulo_2026__260901_d7bd2dffe42f5965.pdf,Julho - Agosto,51.1,39.9,1,1.3,1,,0.2
vox-brasil-2026-08-31,Vox Brasil,2026-08-29,2026-08-31,1480,2.55,https://www.poder360.com.br/poder-eleicoes-2026/tarcisio-tem-553-contra-351-de-haddad-no-1o-turno-em-sp-diz-vox/,Julho - Agosto,55.3,35.1,0.7,1.1,0.5,0.3,0.3
modalmais-futura-2026-09-04,Modalmais/Futura,2026-09-02,2026-09-04,1600,2.4,https://www.poder360.com.br/poder-eleicoes-2026/tarcisio-de-freitas-vence-no-1o-turno-em-sp-diz-pesquisa/,Setembro - Outubro,54,35.1,0.8,0.7,0.4,0.6,
genial-quaest-2026-09-07,Genial/Quaest,2026-09-04,2026-09-07,1800,2,https://www.cartacapital.com.br/politica/quaest-tarcisio-tem-42-na-disputa-pelo-governo-de-sao-paulo-haddad-27/,Setembro - Outubro,42,27,1,1,1,0,
datafolha-2026-09-10,Datafolha,2026-09-08,2026-09-10,1610,2,https://g1.globo.com/sp/sao-paulo/eleicoes/2026/noticia/2026/09/11/datafolha-sp-governador-11-setembro.ghtml,Setembro - Outubro,49,29,2,3,2,1,
parana-pesquisas-2026-09-10,Paraná Pesquisas,2026-09-07,2026-09-10,1680,2.4,https://www.gazetadopovo.com.br/eleicoes/2026/pesquisa-eleitoral-2026/parana-pesquisas-governador-sao-paulo-setembro-2026/,Setembro - Outubro,49.7,34.5,1.8,0.7,0.7,0.6,
real-time-big-data-2026-09-12,Real Time Big Data,2026-09-09,2026-09-12,2000,2,https://www.gazetadopovo.com.br/eleicoes/2026/pesquisa-eleitoral-2026/real-time-big-data-governador-sao-paulo-setembro-2026/,Setembro - Outubro,53,36,2,2,2,2,
verita-2026-09-12,Veritá,2026-09-07,2026-09-12,3025,2,,Setembro - Outubro,55.3,37.8,0.3,0.4,0.3,0.3,
real-time-big-data-2026-09-19,Real Time Big Data,2026-09-16,2026-09-19,2000,2,https://static.poder360.com.br/uploads/2026/09/real-time-big-data-SP-21set2026.pdf,Setembro - Outubro,53,38,1,1,1,1,
parana-pesquisas-2026-09-21,Paraná Pesquisas,2026-09-19,2026-09-21,1600,2.5,https://g1.globo.com/sp/sao-paulo/eleicoes/2026/noticia/2026/09/08/quaest-sp-governador-8-setembro.ghtml,Setembro - Outubro,50.7,33.3,1.8,1,0.9,0.6,
