id,pollster,start,end,n,moe,source,section,lula,flavio
genial-quaest-2026-01-11,Genial/Quaest,2026-01-08,2026-01-11,2004,2,https://g1.globo.com/politica/noticia/2026/01/14/quaest-cenarios-1o-turno-janeiro.ghtml?utm_source=twitter&utm_medium=social&utm_campaign=g1,2026,45,38
meio-ideia-2026-01-12,Meio/Ideia,2026-01-08,2026-01-12,2000,2.2,https://www.cnnbrasil.com.br/blogs/iuri-pitta/eleicoes/meio-ideia-lula-lidera-cenarios-de-1o-turno-e-empata-com-tarcisio-no-2o/,2026,46.2,36
apex-futura-2026-01-19,Apex/Futura,2026-01-15,2026-01-19,2000,2.2,https://www.cnnbrasil.com.br/eleicoes/apex-futura-lula-e-flavio-lideram-cenarios-de-1o-turno/,2026,41.9,48.1
atlasintel-2026-01-20,AtlasIntel,2026-01-15,2026-01-20,5418,1,https://www.gazetadopovo.com.br/eleicoes/2026/pesquisa-eleitoral-2026/pesquisa-atlasintel-presidente-janeiro-2026/,2026,49,45
parana-pesquisas-2026-01-28,Paraná Pesquisas,2026-01-25,2026-01-28,2080,2.2,https://pollplustrend.com/26brpf,2026,44.8,42.2
gerp-2026-02-02,Gerp,2026-01-28,2026-02-02,2000,2.24,https://www.economist.com/interactive/2026-brazil-election-tracker,2026,45,45
meio-ideia-2026-02-02,Meio/Ideia,2026-01-30,2026-02-02,1500,2.5,https://abcdados.com.br/agregador2026/,2026,45.8,41.1
apex-futura-2026-02-07,Apex/Futura,2026-02-03,2026-02-07,2000,2.2,https://planopolitico.com.br/agregador/presidente/,2026,42.4,48.2
genial-quaest-2026-02-09,Genial/Quaest,2026-02-05,2026-02-09,2004,2,https://exame.com/brasil/no-1o-turno-lula-tem-35-e-flavio-bolsonaro-29-diz-genial-quaest/,2026,43,38
atlasintel-2026-02-24,AtlasIntel,2026-02-19,2026-02-24,4986,1,https://exame.com/brasil/no-1o-turno-lula-tem-45-e-flavio-379-diz-atlasintel/,2026,46.2,46.3
parana-pesquisas-2026-02-25,Paraná Pesquisas,2026-02-22,2026-02-25,2080,2.2,https://www.poder360.com.br/poder-eleicoes/lula-e-flavio-empatam-no-1o-turno-diz-parana-pesquisas/,2026,43.8,44.4
real-time-big-data-2026-03-02,Real Time Big Data,2026-02-28,2026-03-02,2000,2,https://www.cnnbrasil.com.br/eleicoes/lula-lidera-cenarios-de-1o-turno-aponta-real-time-big-data/,2026,42,41
vetor-arrow-2026-03-02,Vetor/Arrow,2026-02-27,2026-03-02,9000,1.3,https://agendadopoder.com.br/flavio-bolsonaro-aparece-a-frente-de-lula-e-venceria-com-folga-tambem-no-segundo-turno-aponta-nova-pesquisa/,2026,40.4,49
datafolha-2026-03-05,Datafolha,2026-03-03,2026-03-05,2004,2,https://g1.globo.com/politica/eleicoes/2026/noticia/2026/03/07/datafolha-lula-tem-46percent-e-flavio-bolsonaro-43percent-das-intencoes-de-voto-no-2o-turno-diz-pesquisa.ghtml,2026,46,43
apex-futura-2026-03-06,Apex/Futura,2026-03-02,2026-03-06,2000,2.2,https://www.gazetadopovo.com.br/eleicoes/2026/pesquisa-eleitoral-2026/futura-inteligencia-presidente-marco-2026/,2026,40.5,48.8
genial-quaest-2026-03-09,Genial/Quaest,2026-03-06,2026-03-09,2004,2,https://www.cnnbrasil.com.br/eleicoes/quaest-lula-e-flavio-empatam-em-maioria-de-cenarios-de-1o-turno/,2026,41,41
meio-ideia-2026-03-10,Meio/Ideia,2026-03-06,2026-03-10,1500,2.5,https://www.poder360.com.br/poder-eleicoes/lula-empata-com-flavio-e-tarcisio-no-2o-turno-diz-meio-ideia/,2026,47,45
alfa-2026-03-11,Alfa,2026-03-06,2026-03-11,1000,3.1,https://www.cnnbrasil.com.br/eleicoes/pesquisa-alfa-no-1o-turno-lula-tem-37-flavio-30-e-ratinho-7/?,2026,41,38
atlasintel-2026-03-23,AtlasIntel,2026-03-18,2026-03-23,5028,1,https://www.poder360.com.br/poder-pesquisas/lula-lidera-em-todos-os-cenarios-de-1o-turno-diz-atlasintel/,2026,46.6,47.6
gerp-2026-03-25,Gerp,2026-03-20,2026-03-25,2000,2.24,,2026,45,48
parana-pesquisas-2026-03-28,Paraná Pesquisas,2026-03-25,2026-03-28,2080,2.2,https://www.gazetadopovo.com.br/eleicoes/2026/pesquisa-eleitoral-2026/meio-ideia-pesquisa-presidente-abril-2026/,2026,44.1,45.2
nexus-btg-pactual-2026-03-29,Nexus/BTG Pactual,2026-03-27,2026-03-29,2000,2,https://noticias.uol.com.br/ultimas-noticias/agencia-estado/2026/03/30/btgnexus-lula-e-flavio-bolsonaro-empatam-em-46-em-eventual-2-turno-da-corrida-presidencial.htm,2026,46,46
verita-2026-04-04,Veritá,2026-03-13,2026-04-04,40500,1,,2026,38.4,42.8
meio-ideia-2026-04-07,Meio/Ideia,2026-03-03,2026-04-07,1500,2.5,https://www.gazetadopovo.com.br/eleicoes/2026/pesquisa-eleitoral-2026/meio-ideia-pesquisa-presidente-abril-2026/,2026,45.5,45.8
datafolha-2026-04-09,Datafolha,2026-04-07,2026-04-09,2004,2,https://www1.folha.uol.com.br/poder/2026/04/datafolha-lula-perde-vantagem-e-empata-com-flavio-caiado-e-zema-no-2o-turno.shtml,2026,45,46
apex-futura-2026-04-11,Apex/Futura,2026-04-07,2026-04-11,2000,2.2,https://www.cnnbrasil.com.br/eleicoes/futura-apex-lula-e-flavio-empatam-em-cenarios-de-1o-turno/,2026,42.6,48
cnt-mda-2026-04-12,CNT/MDA,2026-04-08,2026-04-12,2002,2.2,https://www.cartacapital.com.br/politica/lula-lidera-a-disputa-contra-flavio-bolsonaro-no-1o-e-2o-turnos-mostra-pesquisa/,2026,44.9,40.2
genial-quaest-2026-04-13,Genial/Quaest,2026-04-09,2026-04-13,2004,2,https://www.gazetadopovo.com.br/eleicoes/2026/pesquisa-eleitoral-2026/quaest-presidente-abril-2026/,2026,40,42
nexus-btg-pactual-2026-04-26,Nexus/BTG Pactual,2026-04-24,2026-04-26,2028,2,https://www.cartacapital.com.br/politica/a-disputa-pela-presidencia-no-1o-turno-segundo-nova-pesquisa-nexus/,2026,46,45
atlasintel-2026-04-27,AtlasIntel,2026-04-22,2026-04-27,5008,1,https://www.poder360.com.br/poder-eleicoes/lula-empata-com-flavio-e-zema-no-2o-turno-diz-atlasintel/,2026,47.5,47.8
real-time-big-data-2026-05-04,Real Time Big Data,2026-05-02,2026-05-04,2000,2,https://www.gazetadopovo.com.br/eleicoes/2026/pesquisa-eleitoral-2026/real-time-big-data-presidente-maio-2026/,2026,43,44
meio-ideia-2026-05-05,Meio/Ideia,2026-05-01,2026-05-05,1500,2.5,https://www.cnnbrasil.com.br/eleicoes/meio-ideia-lula-tem-40-e-flavio-36-no-1o-turno/,2026,44.7,45.3
apex-futura-2026-05-08,Apex/Futura,2026-05-04,2026-05-08,2000,2.2,https://www.cnnbrasil.com.br/eleicoes/futura-apex-lula-e-flavio-tem-empate-tecnico-no-1o-turno/,2026,44.4,46.9
genial-quaest-2026-05-11,Genial/Quaest,2026-05-08,2026-05-11,2004,2,https://www.gazetadopovo.com.br/eleicoes/2026/pesquisa-eleitoral-2026/genial-quaest-presidente-maio-2026/,2026,42,41
gerp-2026-05-12,Gerp,2026-05-08,2026-05-12,2000,2.24,https://www.poder360.com.br/poder-eleicoes/flavio-tem-50-e-lula-43-no-2o-turno-diz-pesquisa/,2026,43,50
vox-brasil-2026-05-12,Vox Brasil,2026-05-09,2026-05-12,2100,2.15,https://www.poder360.com.br/poder-eleicoes/flavio-tem-438-e-lula-402-no-2o-turno-diz-vox/,2026,40.2,43.8
datafolha-2026-05-14,Datafolha,2026-05-12,2026-05-14,2004,2,https://www.gazetadopovo.com.br/eleicoes/2026/pesquisa-eleitoral-2026/datafolha-presidente-maio-2026/,2026,45,45
atlasintel-2026-05-18,AtlasIntel,2026-05-13,2026-05-18,5032,1,https://www.poder360.com.br/poder-eleicoes/lula-tem-489-contra-418-de-flavio-no-2o-turno-diz-atlasintel/,2026,48.9,41.8
vetor-arrow-2026-05-18,Vetor/Arrow,2026-05-15,2026-05-18,9000,1,,2026,50.7,38.3
vox-brasil-2026-05-19,Vox Brasil,2026-05-17,2026-05-19,2100,2.15,https://www.diariodocentrodomundo.com.br/efeito-bolsomaster-lula-abre-72-pontos-de-vantagem-sobre-flavio-bolsonaro-em-nova-pesquisa/,2026,46.8,38.1
apex-futura-2026-05-20,Apex/Futura,2026-05-15,2026-05-20,2000,2.2,https://noticias.uol.com.br/politica/ultimas-noticias/2026/05/22/futuraapex-lula-aparecem-a-frente-de-flavio-em-1-e-2-turnos.ghtm,2026,47.7,42.2
datafolha-2026-05-21,Datafolha,2026-05-20,2026-05-21,2004,2,https://g1.globo.com/politica/eleicoes/2026/noticia/2026/05/22/datafolha-2o-turno-lula-flavio.ghtml,2026,47,43
gerp-2026-05-21,Gerp,2026-05-18,2026-05-21,2000,2.2,https://www.poder360.com.br/poder-eleicoes/flavio-tem-47-e-lula-44-no-2o-turno-diz-pesquisa/,2026,44,47
indexa-2026-05-24,Indexa,2026-05-22,2026-05-24,2000,2.2,https://www.jota.info/eleicoes/eleicoes-2026/lula-lidera-com-39-e-flavio-bolsonaro-tem-30-no-1o-turno-diz-indexa-pesquisas,2026,46,41
nexus-btg-pactual-2026-05-24,Nexus/BTG Pactual,2026-05-22,2026-05-24,2045,2,https://www.cartacapital.com.br/politica/os-numeros-da-nova-pesquisa-nexus-btg-a-presidencia/,2026,47,43
verita-2026-05-26,Veritá,2026-05-22,2026-05-26,3330,2,https://www.instagram.com/p/DZD7vnKIEcf/?img_index=1&igsh=eWtvZ2c1aG94MTc0,2026,46.8,53.2
meio-ideia-2026-05-27,Meio/Ideia,2026-05-23,2026-05-27,1500,2.5,https://www.gazetadopovo.com.br/eleicoes/2026/pesquisa-eleitoral-2026/meio-ideia-presidente-maio-2026-2/,2026,46.5,41.4
poderdata-2026-05-28,PoderData,2026-05-25,2026-05-28,2400,2,https://www.cartacapital.com.br/politica/os-numeros-da-primeira-pesquisa-poder-aya-para-a-presidencia/,2026,46,42
real-time-big-data-2026-05-30,Real Time Big Data,2026-05-29,2026-05-30,2000,2,https://www.cartacapital.com.br/politica/a-disputa-pela-presidencia-no-1o-turno-segundo-nova-pesquisa-real-time-big-data-2/,2026,45,40
gerp-2026-06-05,Gerp,2026-06-02,2026-06-05,2000,2.24,https://www.poder360.com.br/poder-eleicoes/flavio-bolsonaro-vence-lula-no-2o-turno-diz-pesquisa-gerp/,2026,39.1,44.7
vox-brasil-2026-06-06,Vox Brasil,2026-06-01,2026-06-06,2100,2.15,https://www.poder360.com.br/poder-eleicoes/lula-tem-478-e-flavio-413-no-2o-turno-diz-pesquisa/,2026,47.8,41.3
genial-quaest-2026-06-08,Genial/Quaest,2026-06-05,2026-06-08,2004,2,https://www.poder360.com.br/poder-eleicoes/lula-tem-44-contra-38-de-flavio-diz-quaest/,2026,44,38
alfa-2026-06-10,Alfa,2026-06-05,2026-06-10,1400,2.6,https://admin.cnnbrasil.com.br/wp-content/uploads/sites/12/2026/06/450626-NACIONAL-1400E-ELEICAO.pdf,2026,44,41
apex-futura-2026-06-12,Apex/Futura,2026-06-08,2026-06-12,2000,2.2,https://www.poder360.com.br/poder-pesquisas/lula-tem-481-e-flavio-429-em-eventual-2o-turno-diz-pesquisa/,2026,48.1,42.9
cnt-mda-2026-06-14,CNT/MDA,2026-06-10,2026-06-14,2002,2.2,https://www.poder360.com.br/poder-pesquisas/cnt-42-dizem-votar-em-lula-mas-so-21-se-veem-como-de-esquerda/,2026,49.3,36.8
nexus-btg-pactual-2026-06-14,Nexus/BTG Pactual,2026-06-12,2026-06-14,2017,2,https://www.poder360.com.br/poder-eleicoes/lula-tem-49-contra-43-de-flavio-no-2o-turno-diz-nexus/,2026,49,43
american-analytics-2026-06-15,American Analytics,2026-06-11,2026-06-15,2000,2.2,https://revistaforum.com.br/politica/lula-bate-flavio-bolsonaro-pesquisa-inedita-eua/,2026,45,40
datafolha-2026-06-19,Datafolha,2026-06-17,2026-06-19,2004,2,https://g1.globo.com/politica/eleicoes/2026/pesquisa-eleitoral/noticia/2026/06/20/datafolha-2o-turno-lula-tem-47-e-flavio-bolsonaro-43.ghtml,2026,47,43
gerp-2026-06-20,Gerp,2026-06-15,2026-06-20,2000,2.19,https://www.poder360.com.br/poder-pesquisas/flavio-e-lula-empatam-no-2o-turno-diz-pesquisa/,2026,40,42
indexa-2026-06-20,Indexa,2026-06-18,2026-06-20,2000,2.2,,2026,47,40
poderdata-2026-06-24,PoderData,2026-06-21,2026-06-24,2400,2,https://www.cartacapital.com.br/politica/os-numeros-da-nova-pesquisa-poder-aya-para-a-presidencia/,2026,46,43
vox-brasil-2026-06-25,Vox Brasil,2026-06-23,2026-06-25,2100,2.15,https://www.poder360.com.br/poder-pesquisas/flavio-e-lula-empatam-no-2o-turno-diz-pesquisa-2/,2026,45.3,42.8
nexus-btg-pactual-2026-06-28,Nexus/BTG Pactual,2026-06-26,2026-06-28,2009,2,https://www.cnnbrasil.com.br/eleicoes/nexus-lula-e-flavio-tem-empate-tecnico-no-2o-turno-com-47-e-44/,2026,47,44
atlasintel-2026-06-30,AtlasIntel,2026-06-26,2026-06-30,4999,1,https://www.gazetadopovo.com.br/eleicoes/2026/pesquisa-eleitoral-2026/atlasintel-presidente-julho-2026/,2026,48.8,42.3
meio-ideia-2026-07-06,Meio/Ideia,2026-07-03,2026-07-06,2000,2.5,https://www.poder360.com.br/poder-eleicoes/lula-e-flavio-estao-tecnicamente-empatados-no-2o-turno-diz-pesquisa/,2026,45,40
gerp-2026-07-07,Gerp,2026-07-03,2026-07-07,2000,2.2,https://www.poder360.com.br/poder-eleicoes/flavio-tem-45-e-lula-42-em-eventual-2o-turno-diz-pesquisa/,2026,42,45
apex-futura-2026-07-11,Apex/Futura,2026-07-07,2026-07-11,2000,2.2,https://www.poder360.com.br/poder-eleicoes/lula-e-flavio-empatam-no-2o-turno-diz-futura-apex/,2026,46.3,46.1
nexus-btg-pactual-2026-07-12,Nexus/BTG Pactual,2026-07-10,2026-07-12,2003,2,https://www.gazetadopovo.com.br/eleicoes/2026/pesquisa-eleitoral-2026/nexus-btg-pactual-presidente-julho-2026/,2026,47,44
genial-quaest-2026-07-13,Genial/Quaest,2026-07-10,2026-07-13,2004,2,https://www.poder360.com.br/poder-eleicoes/lula-tem-45-contra-37-de-flavio-no-2o-turno-diz-quaest/,2026,45,37
poderdata-2026-07-15,PoderData,2026-07-12,2026-07-15,2400,2,https://jovempan.com.br/politica/poderdata-aya-lula-marca-40-e-flavio-34-no-1o-turno-2o-tem-empate-tecnico/,2026,45,43
gerp-2026-07-17,Gerp,2026-07-15,2026-07-17,2000,2.19,https://www.poder360.com.br/poder-eleicoes-2026/flavio-e-lula-tem-empate-tecnico-no-2o-turno-diz-pesquisa/,2026,45,46
indexa-2026-07-19,Indexa,2026-07-16,2026-07-19,2000,2.2,https://www.gazetadopovo.com.br/eleicoes/2026/pesquisa-eleitoral-2026/indexa-pesquisas-presidente-julho-2026/,2026,46,39
real-time-big-data-2026-07-20,Real Time Big Data,2026-07-18,2026-07-20,2000,2,https://admin.cnnbrasil.com.br/wp-content/uploads/sites/12/2026/07/Real-Time-arquivo-comprimido.pdf,2026,45,42
datafolha-2026-07-24,Datafolha,2026-07-22,2026-07-24,2004,2,https://g1.globo.com/politica/eleicoes/2026/pesquisa-eleitoral/noticia/2026/07/24/datafolha-2o-turno-lula-tem-48percent-e-flavio-bolsonaro-43percent.ghtml,2026,48,43
nexus-btg-pactual-2026-07-26,Nexus/BTG Pactual,2026-07-24,2026-07-26,2004,2,https://www.gazetadopovo.com.br/eleicoes/2026/pesquisa-eleitoral-2026/nexus-btg-pactual-presidente-julho-2026-2/,2026,47,43
atlasintel-2026-07-27,AtlasIntel,2026-07-22,2026-07-27,5021,1,https://www.gazetadopovo.com.br/eleicoes/2026/pesquisa-eleitoral-2026/atlasintel-presidente-julho-2026-2/,2026,49.2,42.9
alfa-2026-07-28,Alfa,2026-07-23,2026-07-28,2700,1.8,https://noticias.uol.com.br/ultimas-noticias/agencia-estado/2026/07/31/lula-lidera-no-1-e-no-2-turno-mostra-pesquisa-que-traz-disputa-mais-apertada-contra-caiado.htm,2026,48,41
poderdata-2026-07-28,PoderData,2026-07-26,2026-07-28,2400,2,https://www.gazetadopovo.com.br/eleicoes/2026/pesquisa-eleitoral-2026/poderdata-presidente-pesquisa-julho-2026/,2026,46,43
vox-brasil-2026-07-28,Vox Brasil,2026-07-26,2026-07-28,2100,2.15,https://www.poder360.com.br/poder-eleicoes-2026/lula-tem-475-contra-411-de-flavio-no-2o-turno-diz-pesquisa/,2026,47.5,41.1
nexus-btg-pactual-2026-08-02,Nexus/BTG Pactual,2026-07-31,2026-08-02,2002,2,https://www.gazetadopovo.com.br/eleicoes/2026/pesquisa-eleitoral-2026/nexus-btg-pactual-presidente-agosto-2026/,2026,46,45
genial-quaest-2026-08-03,Genial/Quaest,2026-07-31,2026-08-03,2004,2,https://www.gazetadopovo.com.br/eleicoes/2026/pesquisa-eleitoral-2026/genial-quaest-presidente-agosto-2026/,2026,44,39
meio-ideia-2026-08-03,Meio/Ideia,2026-07-31,2026-08-03,1500,2.5,https://www.gazetadopovo.com.br/eleicoes/2026/pesquisa-eleitoral-2026/meio-ideia-presidente-agosto-2026/,2026,48.5,43
apex-futura-2026-08-07,Apex/Futura,2026-08-03,2026-08-07,2000,2.2,https://www.gazetadopovo.com.br/eleicoes/2026/pesquisa-eleitoral-2026/futura-inteligencia-presidente-agosto-2026/,2026,46.5,44
palver-2026-08-07,Palver,2026-08-03,2026-08-07,5000,3,https://www.cartacapital.com.br/politica/as-intencoes-de-voto-de-lula-e-flavio-bolsonaro-em-pesquisa-de-estreia-da-palver/,2026,46,46
cnt-mda-2026-08-09,CNT/MDA,2026-08-05,2026-08-09,2002,2.2,https://www.poder360.com.br/poder-eleicoes/lula-tem-468-e-flavio-381-no-2o-turno-diz-pesquisa/,2026,48,39.1
nexus-btg-pactual-2026-08-09,Nexus/BTG Pactual,2026-08-07,2026-08-09,2001,2,https://admin.cnnbrasil.com.br/wp-content/uploads/sites/12/2026/08/Relatorio-Pesquisa-CNT-de-Opiniao-R169-AGOSTO26_7486.pdf,2026,47,44
gerp-2026-08-10,Gerp,2026-08-06,2026-08-10,2400,2,,2026,43,45
poderdata-2026-08-12,PoderData,2026-08-09,2026-08-12,2400,2,https://static.poder360.com.br/uploads/2026/08/PRESIDENCIA_DO_BRASIL_DIVULGACAO_26a_Relatorio_Eleicoes_2026_Presidente.pdf,2026,46,45
genial-quaest-2026-08-13,Genial/Quaest,2026-08-10,2026-08-13,2004,2,https://www.poder360.com.br/poderdata/lula-tem-46-contra-45-de-flavio-no-2o-turno-diz-poderdata-aya/,2026,43,40
nexus-btg-pactual-2026-08-16,Nexus/BTG Pactual,2026-08-14,2026-08-16,2003,2,https://noticias.uol.com.br/eleicoes/2026/08/17/btgnexus-pesquisa-presidencial.ghtm,2026,47,44
datafolha-2026-08-20,Datafolha,2026-08-18,2026-08-20,2058,2,https://admin.cnnbrasil.com.br/wp-content/uploads/sites/12/2026/08/Relatorio-Brasil-Agosto-de-2026.pdf,2026,47,43
verita-2026-08-20,Veritá,2026-08-16,2026-08-20,3840,2,https://g1.globo.com/politica/eleicoes/2026/pesquisa-eleitoral/noticia/2026/08/14/quaest-presidente-1o-turno-14-agosto.ghtml,2026,42,47.3
indexa-2026-08-23,Indexa,2026-08-20,2026-08-23,2000,2.2,https://www.gazetadopovo.com.br/eleicoes/2026/pesquisa-eleitoral-2026/indexa-broadcast-presidente-agosto-2026/,2026,46,41
nexus-btg-pactual-2026-08-23,Nexus/BTG Pactual,2026-08-21,2026-08-23,2006,2,https://g1.globo.com/politica/eleicoes/2026/pesquisa-eleitoral/noticia/2026/08/21/datafolha-segundo-turno-21-agosto.ghtml,2026,46,45
gerp-2026-08-25,Gerp,2026-08-21,2026-08-25,2400,2,https://www.poder360.com.br/poder-eleicoes-2026/flavio-tem-47-e-lula-42-em-2o-turno-diz-pesquisa/,2026,42,47
poderdata-2026-08-26,PoderData,2026-08-23,2026-08-26,2400,2,https://www.poder360.com.br/poderdata/poderdata-aya-lula-tem-38-contra-35-de-flavio-no-1o-turno/,2026,45,44
vox-brasil-2026-08-27,Vox Brasil,2026-08-25,2026-08-27,2100,2.15,https://www.poder360.com.br/poder-eleicoes-2026/lula-tem-46-contra-45-de-flavio-no-2o-turno-diz-btg-nexus/,2026,44.5,45.1
atlasintel-2026-08-30,AtlasIntel,2026-08-25,2026-08-30,5014,2,,2026,47.1,42.6
nexus-btg-pactual-2026-08-30,Nexus/BTG Pactual,2026-08-28,2026-08-30,2005,2,https://www.poder360.com.br/poder-eleicoes-2026/flavio-e-lula-empatam-no-2o-turno-diz-pesquisa-3/,2026,46,45
real-time-big-data-2026-08-31,Real Time Big Data,2026-08-27,2026-08-31,2000,2,,2026,44,44
genial-quaest-2026-09-01,Genial/Quaest,2026-08-30,2026-09-01,2004,2,https://www.gazetadopovo.com.br/eleicoes/2026/pesquisa-eleitoral-2026/quaest-presidente-setembro-2026/,2026,42,41
modalmais-futura-2026-09-01,Modalmais/Futura,2026-08-27,2026-09-01,2000,2.2,https://noticias.uol.com.br/eleicoes/2026/09/03/futuraapex-pesquisa-presidente-primeiro-segundo-turno.ghtm,2026,45.6,45.2
datafolha-2026-09-02,Datafolha,2026-09-01,2026-09-02,2002,2,https://g1.globo.com/politica/eleicoes/2026/pesquisa-eleitoral/noticia/2026/09/03/datafolha-2o-turno-presidente-3-setembro.ghtml,2026,46,44
poderdata-2026-09-02,PoderData,2026-08-30,2026-09-02,3000,1.8,https://www.poder360.com.br/poderdata/flavio-tem-45-e-lula-registra-44-no-2o-turno-diz-poderdata-aya/,2026,45,46
