id,pollster,start,end,n,moe,source,section,sergio-moro,requiao-filho,luiz-franca,sandro-alex,rafael-greca,tony-garcia,tayna-miessa,samuel-de-mattos,adriano-teixeira,alexandre-salomao,guto-silva,alexandre-curi,fernando-giacobo,alvaro-dias
parana-pesquisas-2026-01-22,Paraná Pesquisas,2026-01-18,2026-01-22,1300,2.8,https://paranapesquisas.com.br/pesquisas/parana-pesquisas-registra-pesquisa-no-estado-do-parana-para-os-cargos-de-governador-e-senador-registro-tse-n-o-pr-08451-2026-janeiro-2026/,Janeiro - Março,41.6,19.5,1,,,,,,,,5.7,,,19.7
parana-pesquisas-2026-03-04,Paraná Pesquisas,2026-03-01,2026-03-04,1500,2.6,https://noticias.uol.com.br/politica/ultimas-noticias/2026/03/12/parana-pesquisas-moro-lidera-cenarios-de-1-turno-ao-governo-do-pr.htm,Janeiro - Março,44,23.1,0.9,,,,,,,,4.3,11.3,4.5,
neokemp-pesquisas-2026-03-20,Neokemp Pesquisas,2026-03-18,2026-03-20,1008,3.1,https://www.tribunapr.com.br/noticias/parana/moro-lidera-todos-os-cenarios-em-nova-pesquisa-pro-governo-do-parana/#google_vignette,Janeiro - Março,43.3,17.8,1.6,,10.1,,,,,,7.8,,,
atlasintel-2026-03-30,AtlasIntel,2026-03-25,2026-03-30,1254,3,https://www.cartacapital.com.br/politica/pesquisa-atlas-aponta-favoritismo-de-moro-no-parana-veja-os-resultados/,Janeiro - Março,51.5,28.4,2.9,,8.4,,,,,,5.6,,,
parana-pesquisas-2026-04-12,Paraná Pesquisas,2026-04-10,2026-04-12,1500,2.6,,Abril - Agosto,46.6,17.7,0.7,,19.7,1.5,,,,,3.6,,,
genial-quaest-2026-04-25,Genial/Quaest,2026-04-21,2026-04-25,1104,3,https://www.gazetadopovo.com.br/eleicoes/2026/pesquisa-eleitoral-2026/quaest-governador-parana-abril-2026/,Abril - Agosto,35,18,1,5,15,1,,,,,,,,
neokemp-pesquisas-2026-04-29,Neokemp Pesquisas,2026-04-27,2026-04-29,1008,3.1,,Abril - Agosto,47.8,19,0.6,8.2,9.4,0.9,,,,,,,,
verita-2026-05-03,Veritá,2026-04-29,2026-05-03,2010,2.5,https://lgjdbpskgjfbmlffbntx.supabase.co/storage/v1/object/public/pesquisas/pdfs/1778092266523_Relatorio_Parana_Maio_2026.pdf,Abril - Agosto,58.6,20,2.2,9.6,9.8,,,,,,,,,
parana-pesquisas-2026-05-10,Paraná Pesquisas,2026-05-08,2026-05-10,1500,2.6,,Abril - Agosto,42.6,19.7,0.8,8.6,16.3,0.8,,,,,,,,
irg-pesquisa-2026-05-20,IRG Pesquisa,2026-05-16,2026-05-20,1000,3.1,https://www.gazetadopovo.com.br/eleicoes/2026/pesquisa-eleitoral-2026/irg-pesquisas-governador-parana-maio-2026/,Abril - Agosto,39.4,18.1,0.3,12.3,14.7,0.9,,,,,,,,
vox-brasil-2026-06-01,Vox Brasil,2026-06-29,2026-06-01,2000,2.2,https://www.poder360.com.br/poder-eleicoes/sergio-moro-lidera-disputa-pelo-governo-do-parana-diz-pesquisa/,Abril - Agosto,39.6,20.8,0.8,5,17.8,1.8,,,,,,,,
verita-2026-06-06,Veritá,2026-06-02,2026-06-06,2010,2.5,https://lgjdbpskgjfbmlffbntx.supabase.co/storage/v1/object/public/pesquisas/relatorio-parana-junho-2026.pdf,Abril - Agosto,52.7,17.5,2.9,8.5,9.1,0.3,,,,,,,,
parana-pesquisas-2026-06-09,Paraná Pesquisas,2026-06-07,2026-06-09,1500,2.6,,Abril - Agosto,42.3,19.9,0.9,10.7,13.9,1.4,,,,,,,,
irg-pesquisa-2026-06-13,IRG Pesquisa,2026-06-10,2026-06-13,1000,3.1,https://www.bemparana.com.br/noticias/politica/pesquis-irg/,Abril - Agosto,38.2,18.6,0.9,14.4,11.7,0.9,,,,,,,,
parana-pesquisas-2026-07-06,Paraná Pesquisas,2026-07-03,2026-07-06,1500,2.6,,Abril - Agosto,39.9,21.1,1.7,10.4,14.5,1.5,,,,,,,,
neokemp-2026-07-21,Neokemp,2026-07-20,2026-07-21,1008,3.1,,Abril - Agosto,40.7,18.6,3.1,10.6,9.6,1.9,,,,,,,,
genial-quaest-2026-07-25,Genial/Quaest,2026-07-21,2026-07-25,1104,3,https://www.gazetadopovo.com.br/eleicoes/2026/pesquisa-eleitoral-2026/genial-quaest-governador-parana-julho-2026/,Abril - Agosto,39,18,1,7,12,1,,,,,,,,
irg-2026-07-28,IRG,2026-07-24,2026-07-28,1200,2.83,,Abril - Agosto,37.4,19.1,0.3,16.5,11.1,0.4,,,,,,,,
verita-2026-08-01,Veritá,2026-07-28,2026-08-01,2010,2.5,https://lgjdbpskgjfbmlffbntx.supabase.co/storage/v1/object/public/pesquisas/pdfs/1785685708802_Relatorio_Parana_Agosto_2026.pdf,Abril - Agosto,47.5,16.3,2.2,9.4,10.8,0.1,,,,,,,,
indice-2026-08-06,Índice,2026-08-04,2026-08-06,1200,2.83,,Agosto - Outubro,35.3,19.5,,27.6,,,0.2,0.7,0.3,,,,,
neokemp-pesquisas-ocp-2026-08-11,Neokemp Pesquisas/OCP,2026-08-10,2026-08-11,1008,3.1,,Agosto - Outubro,45.7,23.2,2,18.2,,,1.2,0.2,0.5,0.1,,,,
irg-2026-08-12,IRG,2026-08-08,2026-08-12,1350,2.67,https://www.gazetadopovo.com.br/eleicoes/2026/pesquisa-eleitoral-2026/irg-governador-parana-agosto-2026/,Agosto - Outubro,40.2,21,0.7,24.8,,,0.2,0.3,0.4,0.1,,,,
parana-pesquisas-2026-08-16,Paraná Pesquisas,2026-08-13,2026-08-16,1520,2.6,https://www.cartacapital.com.br/politica/a-disputa-pelo-governo-e-o-senado-no-parana-segundo-nova-pesquisa/,Agosto - Outubro,46.1,23.4,0.6,16.5,,,0.6,0.1,0,0.4,,,,
ranking-2026-08-16,Ranking,2026-08-14,2026-08-16,1200,2.83,https://www.bemparana.com.br/publicacao/blogs/martha-feldens/pesquisa-ranking-sandro-alex-cresce-e-reduz-distancia-para-moro/,Agosto - Outubro,37.33,20.56,0.75,29.83,,,0.17,0.42,0.08,0.08,,,,
real-time-big-data-2026-08-17,Real Time Big Data,2026-08-13,2026-08-17,1600,2,https://www.cartacapital.com.br/politica/moro-lidera-em-1o-e-2o-turno-no-parana-mostra-pesquisa-real-time-big-data/,Agosto - Outubro,37,20,2,22,,,1,1,1,1,,,,
indice-2026-08-19,Índice,2026-08-17,2026-08-19,1200,2.83,https://folhadolitoral.com.br/editorias/politica/pesquisa-indice-inteligencia-mostra-moro-estavel-e-sandro-em-alta-no-parana/,Agosto - Outubro,36.81,21.02,0.61,28.55,,,0.11,0.33,0.06,0.05,,,,
tmc-instituto-alfa-2026-08-22,TMC/Instituto Alfa,2026-08-18,2026-08-22,1200,2.8,https://www.cartacapital.com.br/politica/moro-lidera-o-1o-turno-no-parana-mas-empata-com-sandro-alex-no-2o-aponta-pesquisa/,Agosto - Outubro,38,20,1,26,,,1,,,,,,,
genial-quaest-2026-08-23,Genial/Quaest,2026-08-20,2026-08-23,804,3,https://g1.globo.com/pr/parana/eleicoes/2026/noticia/2026/08/24/quaest-pr-governador-24-agosto.ghtml,Agosto - Outubro,37,21,1,15,,,1,0,0,0,,,,
neokemp-2026-08-27,Neokemp,2026-08-25,2026-08-27,1008,3.1,,Agosto - Outubro,46.9,23.3,1.4,17.7,,,0.3,0,0.3,0.1,,,,
real-time-big-data-2026-08-27,Real Time Big Data,2026-08-24,2026-08-27,1600,2,https://www.cartacapital.com.br/politica/moro-lidera-em-1o-e-2o-turnos-no-parana-indica-real-time-big-data/,Agosto - Outubro,35,20,1,23,,,1,1,1,1,,,,
parana-pesquisas-2026-09-02,Paraná Pesquisas,2026-08-31,2026-09-02,1280,2.8,,Agosto - Outubro,45,24,0.5,17.5,,,0.9,0.4,0.9,0.5,,,,
